HOME,/main
장바구니,/cart/cartList
주문결제,/order/reception
주문완료,/order/ordComplete
비회원^장바구니,/cart/cartList
비회원^주문결제,/order/reception
비회원^주문완료,/order/ordComplete
로그인,/login
로그인^휴면계정안내,
로그인^비밀번호변경안내,
로그인^비회원주문,
로그인^ID찾기^간편찾기,
로그인^ID찾기^본인인증찾기,/customer/find/find-id
로그인^ID찾기^완료,/customer/findId/complete
로그인^PW찾기^Main,/customer/find/find-pwd
로그인^PW찾기^PW찾기인증,
로그인^PW찾기^인증완료_비밀번호변경,/customer/findPwd/complete
회원가입^Index,
회원가입^본인인증,
회원가입^외국인인증^등록번호인증,
회원가입^약관동의,
회원가입^정보입력,
회원가입^가입완료,
회원탈퇴^회원탈퇴완료,
상품^상품상세,/product/detail
상품^New^Main,/display/new
상품^BEST^전체,/display/best
상품^라인별^아이^전체,/display/category/eye
상품^라인별^아이^싱글섀도우,/display/category/single_shadow
상품^라인별^아이^아이팔레트,/display/category/eye_pallette
상품^라인별^아이^마스카라,/display/category/mascara
상품^라인별^아이^아이라이너,/display/category/eyeliner
상품^라인별^아이^아이브로우,/display/category/eyebrow
상품^라인별^아이^아이프라이머,/display/category/eye_primer
상품^라인별^립^전체,/display/category/lip
상품^라인별^립^립스틱,/display/category/lipstick
상품^라인별^립^립틴트,/display/category/lip_tint
상품^라인별^립^립글로스,/display/category/lip_gloss
상품^라인별^립^립케어/컨실러,/display/category/lip_care
상품^라인별^립^탑코트/케이스,/display/category/top_coat_case
상품^라인별^페이스^전체,/display/category/face
상품^라인별^페이스^쿠션,/display/category/cushion
상품^라인별^페이스^파운데이션/BB/컨실러,/display/category/foundation_bb_concealer
상품^라인별^페이스^베이스/프라이머,/display/category/base_primer
상품^라인별^페이스^파우더/팩트,/display/category/powder_compact
상품^라인별^페이스^컨투어링/하이라이터,/display/category/contouring_highlighter
상품^라인별^페이스^블러셔,/display/category/blusher
상품^라인별^네일^전체,/display/category/nail
상품^라인별^네일^네일컬러,/display/category/nail_color
상품^라인별^네일^네일케어,/display/category/nail_care
상품^라인별^네일^네일도구,/display/category/nail_Tools
상품^라인별^네일^네일리무버,/display/category/nail_remover
상품^라인별^스킨케어^전체,/display/category/skin_care
상품^라인별^스킨케어^스킨,/display/category/toner
상품^라인별^스킨케어^로션,/display/category/lotion
상품^라인별^스킨케어^에센스,/display/category/essence
상품^라인별^스킨케어^크림,/display/category/cream
상품^라인별^스킨케어^아이케어,/display/category/eye_care
상품^라인별^스킨케어^미스트,/display/category/mist
상품^라인별^스킨케어^선케어,/display/category/sun_care
상품^라인별^스킨케어^스페셜케어,/display/category/special_care
상품^라인별^스킨케어^세트,/display/category/set
상품^라인별^스킨케어^남성,/display/category/homme
상품^라인별^팩/마스크^전체,/display/category/pack
상품^라인별^팩/마스크^마스크시트,/display/category/mask_sheet
상품^라인별^팩/마스크^마사지/수면팩,/display/category/massage_sleeping_pack
상품^라인별^팩/마스크^부분패치,/display/category/patch
상품^라인별^클렌징^전체,/display/category/cleansing
상품^라인별^클렌징^폼,/display/category/foam_cleanser
상품^라인별^클렌징^워터/오일/크림,/display/category/water_oil_cream
상품^라인별^클렌징^부분클렌징,/display/category/makeup_remover
상품^라인별^클렌징^필링/스크럽,/display/category/exfoliators_scrub
상품^라인별^클렌징^기타,
상품^라인별^바디/헤어^전체,/display/category/body
상품^라인별^바디/헤어^바디클렌저,/display/category/body_cleanser
상품^라인별^바디/헤어^핸드/풋,/display/category/hands_foot
상품^라인별^바디/헤어^바디보습,/display/category/body_moisturizer
상품^라인별^바디/헤어^제오/데오/에티켓,/display/category/etiquette
상품^라인별^바디/헤어^바디컨투어/패치,/display/category/body_contour_patch
상품^라인별^바디/헤어^헤어,/display/category/hair
상품^라인별^향수^전체,/display/category/perfume
상품^라인별^향수^향수,/display/category/p_perfume
상품^라인별^향수^향제품,/display/category/perfume_prod
상품^라인별^화장소품^전체,/display/category/etc
상품^라인별^화장소품^브러쉬,/display/category/etc_brush
상품^라인별^화장소품^퍼프,/display/category/puff
상품^라인별^화장소품^화장도구,/display/category/etc_tool
상품^라인별^화장소품^파우치,/display/category/pouch
상품^라인별^화장소품^화장솜,/display/category/etc_cotton
상품^라인별^화장소품^속눈썹,/display/category/eyelashes
상품^라인별^화장소품^소품기타,/display/category/etc_etc
상품^유형별^순정,/display/category/fountation
상품^유형별^컬러풀드로잉,/display/category/colorful_drawing
상품^유형별^몬스터클렌징,/display/category/monster_cleansing
상품^유형별^수분가득콜라겐,/display/category/moistfull_collagen
상품^유형별^미니투매치,/display/category/mini_to_match
상품^테마샵^아울렛샵,/display/category/outlet_shop
상품^테마샵^마이섀도우,	
상품^테마샵^달달템샵,/display/category/beauty_select_shop
상품^테마샵^뷰티포인트샵,/display/category/beauty_point_shop
상품^테마샵^진주알스토어,/display/category/pearl_shop
상품^테마샵^온라인전용,/display/category/online_only
상품^핫딜^투데이핫딜,/display/hotdeal
상품^핫딜^한정판특가,/display/hotdeal_sp_price
뷰티라이프^Main,
뷰티라이프^Looks^List,/display/etude_looks
뷰티라이프^Looks^상세,/display/etude_looks/detail
뷰티라이프^채널에뛰드^List,/display/etude_ch
뷰티라이프^채널에뛰드^상세,/display/etude_ch/detail
뷰티라이프^에뛰드Pick,/display/etude_pick
이벤트^이벤트^list,/display/event
이벤트^이벤트^상세,/display/event_detail
이벤트^뷰티테스터^Main,/display/beauty_test
이벤트^무료샘플신청^Main,/display/free_sample
이벤트^진주알 룰렛,/display/pearl_roulette
이벤트^행운의 출첵,/display/daily_check
이벤트^스윗레터,/display/sweet_letter
이벤트^메이크업클래스^Main,/display/play_makeup_class
이벤트^당첨자발표^list,/display/event_winner
이벤트^당첨자발표^상세,/display/eventWinner_detail
이벤트^종료된이벤트^list,/display/event_over
통합검색^Main,
통합검색^검색결과,/common/search
마이에뛰드^Main,/my/page/info/myEtude
마이에뛰드^앱설치안내,
마이에뛰드^개인정보수정,
마이에뛰드^비밀번호확인,
마이에뛰드^SNS계정연동관리,/my/page/info/snsLink
마이에뛰드^배송지관리^list,/my/page/ship/address
마이에뛰드^배송지관리^추가/수정,
마이에뛰드^단골매장관리^list,/my/page/store/list
마이에뛰드^단골매장관리^추가,
마이에뛰드^회원탈퇴^확인,/my/page/leaveId
마이에뛰드^회원탈퇴^불가안내,/my/page/leaveId
마이에뛰드^회원탈퇴^완료,
마이에뛰드^주문배송조회^list,/my/page/onlineOrderShipping
마이에뛰드^온라인주문^list,/my/page/onlineOrderShipping
마이에뛰드^온라인주문^상세,/my/page/order/detail/180802180001210
마이에뛰드^매장주문^list,
마이에뛰드^매장주문^상세,
마이에뛰드^취소반품교환^list,/my/page/returnExchange
마이에뛰드^취소반품교환^반품상세,/my/page/claim/return/{}
마이에뛰드^취소반품교환^교환상세,/my/page/claim/exchange/{}
마이에뛰드^취소반품교환^취소신청^1step,/my/page/order/cancel/{180727130000717}
마이에뛰드^취소반품교환^취소신청^2step,/my/page/order/cancel/{180727130000717}
마이에뛰드^취소반품교환^교환신청^1step,/my/page/order/exchange/{180726160000667}
마이에뛰드^취소반품교환^교환신청^2step,/my/page/order/exchange/{180726160000667}
마이에뛰드^취소반품교환^반품신청^1step,/my/page/order/return/{180726160000667}
마이에뛰드^취소반품교환^반품신청^2step,/my/page/order/return/{180726160000667}
마이에뛰드^현금영수증발급^list,/my/page/cashReceipts
마이에뛰드^현금영수증발급^상세,
마이에뛰드^예치금내역^list,/my/page/myDepositList
마이에뛰드^출금신청/계좌관리,/my/page/myDepositManagementList
마이에뛰드^기프트카드관리,/my/page/myGiftCardList
마이에뛰드^기프트카드이용내역,
마이에뛰드^선불카드^main,
마이에뛰드^선불카드^등록,
마이에뛰드^뷰티포인트내역,/my/page/info/beautyPoint
마이에뛰드^뷰티포인트선물하기^정보확인,
마이에뛰드^뷰티포인트선물하기^선물포인트확인,
마이에뛰드^뷰티포인트선물하기^선물완료,
마이에뛰드^뷰티포인트선물하기^비회원인증,
마이에뛰드^뷰티포인트선물하기^비회원선물확인,
마이에뛰드^뷰티포인트모바일카드신청,/my/page/info/btpMobileCard
마이에뛰드^진주알내역,/my/page/pearl/present
마이에뛰드^진주알쿠폰교환,
마이에뛰드^쿠션포인트내역,/my/page/cushion
마이에뛰드^뷰티포인트,/my/page/info/beautyPoint
마이에뛰드^나의쿠폰^사용가능한쿠폰,/my/page/myCouponList
마이에뛰드^나의쿠폰^사용/만료쿠폰,/my/page/myUsedCouponList
마이에뛰드^나의회원등급,/my/page/myLevelList
마이에뛰드^이벤트참여현황,/my/page/myEventList
마이에뛰드^당첨결과확인,/display/eventWinner_detail?foNoticeSn=2
마이에뛰드^나의리뷰^작성가능한리뷰^list,/my/page/myReviewList
마이에뛰드^나의리뷰^작성한리뷰^list,/my/page/myWritedReviewList
마이에뛰드^1:1문의^list,/my/page/myInquiryList
브랜드^Main,/display/brand
브랜드^브랜드소개^에뛰드하우스,/display/brand_etudehouse
브랜드^브랜드소개^브랜드히스토리,/display/brand_history
브랜드^브랜드소개^에뛰드모델,/display/brand_etudemodel
브랜드^뷰티즌^Main,/display/beautizen
브랜드^뷰티즌^모집,/display/beautizen_recruit
브랜드^뷰티즌^지원서작성,/display/beautizen_regist
브랜드^뷰티즌^지원서수정,
브랜드^뷰티즌^뷰티즌프로필,/display/beautizen_list
브랜드^스윗샷캠페인,/display/sweet_shot
브랜드^컬러팩토리^안내,/display/color_factory_info
브랜드^컬러팩토리^예약하기,/display/color_factory_reserve
브랜드^컬러팩토리^예약확인,/display/color_factory_reserve_confirm
브랜드^컬러팩토리^서비스매장보기,
브랜드^메이크유어드림,/display/makeup_your_dream
브랜드^청춘강연,/display/makeup_your_dream_lecture
브랜드^청춘강연^신청,/display/makeup_your_dream_apply
브랜드^매장안내^매장찾기,/display/store_location
브랜드^매장안내^매장개설문의,/display/store_opening
브랜드^매장칭찬^list,/display/store_review
고객센터^Main,/cs/customerCenter
고객센터^FAQ,/cs/faq
고객센터^교환반품안내,
고객센터^1:1문의^작성하기,/cs/inquiry
고객센터^FAQ,/cs/faq
고객센터^공지사항^list,/cs/notice
고객센터^공지사항^상세,/cs/noticeView
고객센터^멤버십^핑크멤버십,/cs/pinkMembership
고객센터^멤버십^뷰티포인트,/cs/beautyPoint
고객센터^멤버십^쿠션포인트,/cs/cushionPoint
고객센터^멤버십^진주알포인트,/cs/pearlPoint
고객센터^멤버십^공병수거캠페인,/cs/emptyBottle
고객센터^매장특화서비스^테이크아웃,/cs/takeOut
고객센터^매장특화서비스^스윗딜리버리,/cs/sweetDelivery
고객센터^매장특화서비스^매장반품서비스,/cs/returnService
Error_Page^시스템,
Error_Page^찾을 수 없는 페이지,
Error_Page^서비스 접속 불량 안내,
Error_Page^브라우저 호환성 안내,
Error_Page^모바일(웹/앱) 안내,
Error_Page^페이지 접근 제한 안내,
Error_Page^앱 코칭가이드,
멤버십^Main,
설정,
기프트카드^등록,
컬러피킹^Main,
컬러피킹^Step1,
컬러피킹^Step2,
컬러피킹^Complete,
컬러피킹^Main,
컬러피킹^측정결과보기,
